{"cameraMode":{"drawMode":0,"name":"Shaded","section":"Shading Mode"},"sceneLighting":true,"audioPlay":false,"sceneViewState":{"m_AlwaysRefresh":false,"showFog":true,"showSkybox":true,"showFlares":true,"showImageEffects":true,"showParticleSystems":true,"showVisualEffectGraphs":true,"m_FxEnabled":true},"in2DMode":false,"pivot":{"x":-6.505117416381836,"y":2.8374626636505129,"z":-9.37541389465332},"rotation":{"x":0.08051131665706635,"y":0.40750643610954287,"z":-0.036027874797582629,"w":0.9090628623962402},"size":0.055840373039245608,"orthographic":false}