{"cameraMode":{"drawMode":0,"name":"Shaded","section":"Shading Mode"},"sceneLighting":true,"audioPlay":false,"sceneViewState":{"m_AlwaysRefresh":false,"showFog":true,"showSkybox":true,"showFlares":true,"showImageEffects":true,"showParticleSystems":true,"showVisualEffectGraphs":true,"m_FxEnabled":true},"in2DMode":false,"pivot":{"x":2.1586031913757326,"y":1.0159968137741089,"z":0.4981721043586731},"rotation":{"x":-0.08074985444545746,"y":-0.8536916375160217,"z":0.13895979523658753,"w":-0.4954559803009033},"size":0.07071241736412049,"orthographic":false}