{"cameraMode":{"drawMode":0,"name":"Shaded","section":"Shading Mode"},"sceneLighting":true,"audioPlay":false,"sceneViewState":{"m_AlwaysRefresh":false,"showFog":true,"showSkybox":true,"showFlares":true,"showImageEffects":true,"showParticleSystems":true,"showVisualEffectGraphs":true,"m_FxEnabled":true},"in2DMode":false,"pivot":{"x":2.107645273208618,"y":0.9825271368026733,"z":0.44148507714271548},"rotation":{"x":-0.08387567102909088,"y":-0.8755016922950745,"z":0.16417396068572999,"w":-0.446772962808609},"size":0.37071242928504946,"orthographic":false}