{"cameraMode":{"drawMode":0,"name":"Shaded","section":"Shading Mode"},"sceneLighting":true,"audioPlay":false,"sceneViewState":{"m_AlwaysRefresh":false,"showFog":true,"showSkybox":true,"showFlares":true,"showImageEffects":true,"showParticleSystems":true,"showVisualEffectGraphs":true,"m_FxEnabled":true},"in2DMode":false,"pivot":{"x":4.919886589050293,"y":3.153904438018799,"z":0.6761823892593384},"rotation":{"x":0.25075197219848635,"y":-0.3811607360839844,"z":0.10820762068033219,"w":0.8832759857177734},"size":1.5558969974517823,"orthographic":false}