{"cameraMode":{"drawMode":0,"name":"Shaded","section":"Shading Mode"},"sceneLighting":false,"audioPlay":false,"sceneViewState":{"m_AlwaysRefresh":false,"showFog":true,"showSkybox":false,"showFlares":true,"showImageEffects":true,"showParticleSystems":true,"showVisualEffectGraphs":true,"m_FxEnabled":true},"in2DMode":false,"pivot":{"x":0.10441228747367859,"y":1.900551676750183,"z":4.460649013519287},"rotation":{"x":0.3921789824962616,"y":0.05801109969615936,"z":-0.024693869054317476,"w":0.9178141355514526},"size":0.0936734676361084,"orthographic":false}