{"cameraMode":{"drawMode":0,"name":"Shaded","section":"Shading Mode"},"sceneLighting":false,"audioPlay":false,"sceneViewState":{"m_AlwaysRefresh":false,"showFog":true,"showSkybox":false,"showFlares":true,"showImageEffects":true,"showParticleSystems":true,"showVisualEffectGraphs":true,"m_FxEnabled":true},"in2DMode":false,"pivot":{"x":0.9623566269874573,"y":0.9964878559112549,"z":1.2629034519195557},"rotation":{"x":0.004872539546340704,"y":0.9918378591537476,"z":-0.12141353636980057,"w":0.039549972862005237},"size":0.1610293984413147,"orthographic":false}